{"cameraMode":{"drawMode":0,"name":"Shaded","section":"Shading Mode"},"sceneLighting":false,"audioPlay":false,"sceneViewState":{"showFog":false,"showMaterialUpdate":false,"showSkybox":false,"showFlares":false,"showImageEffects":false,"showParticleSystems":false},"in2DMode":false,"pivot":{"x":-1.862645149230957e-9,"y":-0.005196463316679001,"z":0.012155122123658657},"rotation":{"x":-0.2786400020122528,"y":0.561808705329895,"z":-0.20858903229236604,"w":-0.7504808306694031},"size":0.10480082780122757,"orthographic":false}