{"cameraMode":{"drawMode":0,"name":"Shaded","section":"Shading Mode"},"sceneLighting":false,"audioPlay":false,"sceneViewState":{"showFog":true,"showMaterialUpdate":false,"showSkybox":true,"showFlares":true,"showImageEffects":true,"showParticleSystems":true},"in2DMode":false,"pivot":{"x":-0.09130859375,"y":1.206298828125,"z":0.119873046875},"rotation":{"x":-0.05427619814872742,"y":0.8731228709220886,"z":-0.09996939450502396,"w":-0.47404295206069949},"size":2.2578840255737306,"orthographic":true}