{"cameraMode":{"drawMode":0,"name":"Shaded","section":"Shading Mode"},"sceneLighting":false,"audioPlay":false,"sceneViewState":{"showFog":true,"showMaterialUpdate":false,"showSkybox":true,"showFlares":true,"showImageEffects":true,"showParticleSystems":true},"in2DMode":false,"pivot":{"x":-12.698892593383789,"y":0.6985054016113281,"z":0.12650752067565919},"rotation":{"x":-0.22906528413295747,"y":0.6696833372116089,"z":-0.22961528599262238,"w":-0.6680794954299927},"size":2.8578836917877199,"orthographic":false}