{"cameraMode":{"drawMode":0,"name":"Shaded","section":"Shading Mode"},"sceneLighting":false,"audioPlay":false,"sceneViewState":{"showFog":false,"showMaterialUpdate":false,"showSkybox":false,"showFlares":false,"showImageEffects":false,"showParticleSystems":false},"in2DMode":false,"pivot":{"x":2044.126220703125,"y":81.4107666015625,"z":851.2211303710938},"rotation":{"x":-0.46369093656539919,"y":0.1802283525466919,"z":-0.09694469720125199,"w":-0.8620384335517883},"size":636.080322265625,"orthographic":false}